Cluster,Overall_Rating,Objectives_Met,Venue_Rating,Schedule_Rating,Allowance_Rating,Speaker_Rating,Facilitator_Rating,Participant_Rating
0,2.925925925925926,2.9814814814814814,2.962962962962963,2.888888888888889,3.0,2.9074074074074074,2.6666666666666665,2.8703703703703702
1,2.86,2.22,2.72,2.42,3.0,2.9,2.9,2.9
2,2.5454545454545454,2.8181818181818183,2.8181818181818183,2.6363636363636362,2.0,2.909090909090909,2.6363636363636362,2.909090909090909
